[
    {
        "pk": 1, 
        "model": "customer.Client", 
        "fields": {
            "status": "Actif", 
            "profile": "Equilibre", 
            "firstname": "Hugo", 
            "area": "Auvergne", 
            "lastname": "Bacard", 
            "company": "BarbaqueArt", 
            "birthdate": "1971-09-14", 
            "sex": "H", 
            "job": "Boucher", 
            "start_date": "2013-08-23", 
            "children": 3
        }
    }, 
    {
        "pk": 2, 
        "model": "customer.Client", 
        "fields": {
            "status": "Actif", 
            "profile": "Equilibre", 
            "firstname": "Mathieu", 
            "area": "Bretagne", 
            "lastname": "Baker", 
            "company": "Simon si bon", 
            "birthdate": "1981-11-09", 
            "sex": "H", 
            "job": "Boulanger", 
            "start_date": "2014-06-06", 
            "children": 1
        }
    }, 
    {
        "pk": 3, 
        "model": "customer.Client", 
        "fields": {
            "status": "Actif", 
            "profile": "Dynamique", 
            "firstname": "Luc", 
            "area": "Picardie", 
            "lastname": "Belair", 
            "company": "GDP", 
            "birthdate": "1964-03-22", 
            "sex": "H", 
            "job": "PDG", 
            "start_date": "2011-03-08", 
            "children": 3
        }
    }, 
    {
        "pk": 4, 
        "model": "customer.Client", 
        "fields": {
            "status": "Inactif", 
            "profile": "D\u00e9fensif", 
            "firstname": "Elisabeth", 
            "area": "Bourgogne", 
            "lastname": "Bouscaren", 
            "company": "-", 
            "birthdate": "1956-08-12", 
            "sex": "F", 
            "job": "M\u00e8re au foyer", 
            "start_date": "2014-08-01", 
            "children": 1
        }
    }, 
    {
        "pk": 5, 
        "model": "customer.Client", 
        "fields": {
            "status": "Retrait\u00e9", 
            "profile": "Equilibre", 
            "firstname": "Cesar", 
            "area": "Aquitaine", 
            "lastname": "Ceballos", 
            "company": "Hopital", 
            "birthdate": "1952-06-22", 
            "sex": "H", 
            "job": "Docteur", 
            "start_date": "2014-03-11", 
            "children": 1
        }
    }, 
    {
        "pk": 6, 
        "model": "customer.Client", 
        "fields": {
            "status": "Actif", 
            "profile": "D\u00e9fensif", 
            "firstname": "Danielle", 
            "area": "Basse-Normandie", 
            "lastname": "Disegni", 
            "company": "D\u00e9sign\u00e9", 
            "birthdate": "1976-07-13", 
            "sex": "F", 
            "job": "Avocate", 
            "start_date": "2012-01-12", 
            "children": 1
        }
    }, 
    {
        "pk": 7, 
        "model": "customer.Client", 
        "fields": {
            "status": "Actif", 
            "profile": "D\u00e9fensif", 
            "firstname": "Gabrielle", 
            "area": "Picardie", 
            "lastname": "Dospinescu", 
            "company": "43 Entrepreneurs", 
            "birthdate": "1986-08-15", 
            "sex": "F", 
            "job": "Stagiaire IT", 
            "start_date": "2012-12-18", 
            "children": 2
        }
    }, 
    {
        "pk": 8, 
        "model": "customer.Client", 
        "fields": {
            "status": "Inactif", 
            "profile": "Dynamique", 
            "firstname": "Charles", 
            "area": "Poitou-Charentes", 
            "lastname": "Favre", 
            "company": "-", 
            "birthdate": "1967-02-02", 
            "sex": "H", 
            "job": "Rentier", 
            "start_date": "2013-02-01", 
            "children": 0
        }
    }, 
    {
        "pk": 9, 
        "model": "customer.Client", 
        "fields": {
            "status": "Retrait\u00e9", 
            "profile": "Equilibre", 
            "firstname": "Michel", 
            "area": "Rh\u00f4ne-Alpes", 
            "lastname": "Brugalle", 
            "company": "France", 
            "birthdate": "1949-11-06", 
            "sex": "H", 
            "job": "S\u00e9nateur", 
            "start_date": "2013-07-01", 
            "children": 0
        }
    }, 
    {
        "pk": 10, 
        "model": "customer.Client", 
        "fields": {
            "status": "Retrait\u00e9", 
            "profile": "D\u00e9fensif", 
            "firstname": "Olivia", 
            "area": "Auvergne", 
            "lastname": "Nisse", 
            "company": "MyShow", 
            "birthdate": "1953-02-24", 
            "sex": "F", 
            "job": "Accessoiriste", 
            "start_date": "2013-09-10", 
            "children": 3
        }
    }, 
    {
        "pk": 11, 
        "model": "customer.Client", 
        "fields": {
            "status": "Actif", 
            "profile": "Equilibre", 
            "firstname": "Richard", 
            "area": "Centre-Val de Loire", 
            "lastname": "Herblot", 
            "company": "SiliconValleyTour", 
            "birthdate": "1974-06-06", 
            "sex": "H", 
            "job": "Organisateur de voyage", 
            "start_date": "2012-10-19", 
            "children": 3
        }
    }, 
    {
        "pk": 12, 
        "model": "customer.Client", 
        "fields": {
            "status": "Actif", 
            "profile": "Equilibre", 
            "firstname": "Paul", 
            "area": "Aquitaine", 
            "lastname": "Gubler", 
            "company": "Hopital", 
            "birthdate": "1970-01-08", 
            "sex": "H", 
            "job": "Gyn\u00e9cologue", 
            "start_date": "2013-04-15", 
            "children": 1
        }
    }, 
    {
        "pk": 13, 
        "model": "customer.Client", 
        "fields": {
            "status": "Actif", 
            "profile": "Dynamique", 
            "firstname": "Michel", 
            "area": "Provence-Alpes-C\u00f4te d'Azur", 
            "lastname": "Merle", 
            "company": "Plus folle la vie", 
            "birthdate": "1966-08-13", 
            "sex": "H", 
            "job": "Com\u00e9dien", 
            "start_date": "2012-01-03", 
            "children": 0
        }
    }, 
    {
        "pk": 14, 
        "model": "customer.Client", 
        "fields": {
            "status": "Inactif", 
            "profile": "D\u00e9fensif", 
            "firstname": "Olivier", 
            "area": "\u00cele-de-France", 
            "lastname": "Payne", 
            "company": "Sog\u00e9cap", 
            "birthdate": "1957-11-06", 
            "sex": "H", 
            "job": "Actuaire", 
            "start_date": "2014-09-03", 
            "children": 0
        }
    }, 
    {
        "pk": 15, 
        "model": "customer.Client", 
        "fields": {
            "status": "Retrait\u00e9", 
            "profile": "D\u00e9fensif", 
            "firstname": "St\u00e9phanie", 
            "area": "\u00cele-de-France", 
            "lastname": "Plenat", 
            "company": "SNCM", 
            "birthdate": "1946-12-24", 
            "sex": "F", 
            "job": "Affr\u00e9teur", 
            "start_date": "2013-03-15", 
            "children": 2
        }
    }, 
    {
        "pk": 16, 
        "model": "customer.Client", 
        "fields": {
            "status": "Inactif", 
            "profile": "Dynamique", 
            "firstname": "Christelle", 
            "area": "Bretagne", 
            "lastname": "Raibaut", 
            "company": "Primo", 
            "birthdate": "1980-06-15", 
            "sex": "F", 
            "job": "Courtier en assurance", 
            "start_date": "2014-04-25", 
            "children": 3
        }
    }, 
    {
        "pk": 17, 
        "model": "customer.Client", 
        "fields": {
            "status": "Retrait\u00e9", 
            "profile": "Dynamique", 
            "firstname": "Patricia", 
            "area": "\u00cele-de-France", 
            "lastname": "Schmidt", 
            "company": "Cuisinello", 
            "birthdate": "1955-10-02", 
            "sex": "F", 
            "job": "Cuisiniste", 
            "start_date": "2014-09-15", 
            "children": 0
        }
    }, 
    {
        "pk": 18, 
        "model": "customer.Client", 
        "fields": {
            "status": "Actif", 
            "profile": "D\u00e9fensif", 
            "firstname": "C\u00e9cile", 
            "area": "Lorraine", 
            "lastname": "Teissier", 
            "company": "PimpMyPC", 
            "birthdate": "1965-10-25", 
            "sex": "F", 
            "job": "Hacker", 
            "start_date": "2014-08-12", 
            "children": 0
        }
    }, 
    {
        "pk": 19, 
        "model": "customer.Client", 
        "fields": {
            "status": "Actif", 
            "profile": "Equilibre", 
            "firstname": "Julien", 
            "area": "Basse-Normandie", 
            "lastname": "Vezzani", 
            "company": "", 
            "birthdate": "1981-05-01", 
            "sex": "H", 
            "job": "Ing\u00e9nieur r\u00e9seau", 
            "start_date": "2014-06-19", 
            "children": 0
        }
    }, 
    {
        "pk": 20, 
        "model": "customer.Client", 
        "fields": {
            "status": "Actif", 
            "profile": "Dynamique", 
            "firstname": "St\u00e9phane", 
            "area": "Nord-Pas-de-Calais", 
            "lastname": "Tepper", 
            "company": "DHLille", 
            "birthdate": "1967-02-23", 
            "sex": "H", 
            "job": "Directeur de transport", 
            "start_date": "2011-01-28", 
            "children": 2
        }
    }, 
    {
        "pk": 21, 
        "model": "customer.Client", 
        "fields": {
            "status": "Actif", 
            "profile": "Equilibre", 
            "firstname": "Cynthia", 
            "area": "Franche-Comt\u00e9", 
            "lastname": "Alvarez", 
            "company": "Guy Moquet", 
            "birthdate": "1966-04-08", 
            "sex": "F", 
            "job": "Agent immobilier", 
            "start_date": "2011-02-04", 
            "children": 0
        }
    }, 
    {
        "pk": 22, 
        "model": "customer.Client", 
        "fields": {
            "status": "Retrait\u00e9", 
            "profile": "Dynamique", 
            "firstname": "Florence", 
            "area": "\u00cele-de-France", 
            "lastname": "Baillet", 
            "company": "Florence Secrets", 
            "birthdate": "1948-06-09", 
            "sex": "F", 
            "job": "Detective priv\u00e9", 
            "start_date": "2012-03-16", 
            "children": 0
        }
    }, 
    {
        "pk": 23, 
        "model": "customer.Client", 
        "fields": {
            "status": "Actif", 
            "profile": "Dynamique", 
            "firstname": "Alice", 
            "area": "Nord-Pas-de-Calais", 
            "lastname": "Bertrand", 
            "company": "-", 
            "birthdate": "1960-10-17", 
            "sex": "F", 
            "job": "Psychologue", 
            "start_date": "2011-03-17", 
            "children": 0
        }
    }, 
    {
        "pk": 24, 
        "model": "customer.Client", 
        "fields": {
            "status": "Actif", 
            "profile": "D\u00e9fensif", 
            "firstname": "Etienne", 
            "area": "Alsace", 
            "lastname": "Jossic", 
            "company": "OL Group", 
            "birthdate": "1968-09-21", 
            "sex": "H", 
            "job": "Comptable", 
            "start_date": "2013-08-26", 
            "children": 2
        }
    }, 
    {
        "pk": 25, 
        "model": "customer.Client", 
        "fields": {
            "status": "Actif", 
            "profile": "D\u00e9fensif", 
            "firstname": "Bruno", 
            "area": "Aquitaine", 
            "lastname": "Lacas", 
            "company": "Bloomberg", 
            "birthdate": "1966-06-02", 
            "sex": "H", 
            "job": "Analyste financier", 
            "start_date": "2013-02-14", 
            "children": 2
        }
    }, 
    {
        "pk": 26, 
        "model": "customer.Client", 
        "fields": {
            "status": "Inactif", 
            "profile": "Equilibre", 
            "firstname": "Alain", 
            "area": "Auvergne", 
            "lastname": "Lemaire", 
            "company": "Total", 
            "birthdate": "1959-11-22", 
            "sex": "H", 
            "job": "Directeur", 
            "start_date": "2012-08-06", 
            "children": 1
        }
    }, 
    {
        "pk": 27, 
        "model": "customer.Client", 
        "fields": {
            "status": "Actif", 
            "profile": "Dynamique", 
            "firstname": "Hugues", 
            "area": "Nord-Pas-de-Calais", 
            "lastname": "Legeron", 
            "company": "-", 
            "birthdate": "1962-12-26", 
            "sex": "H", 
            "job": "Anesth\u00e9siste", 
            "start_date": "2014-01-15", 
            "children": 3
        }
    }, 
    {
        "pk": 28, 
        "model": "customer.Client", 
        "fields": {
            "status": "Actif", 
            "profile": "Dynamique", 
            "firstname": "Fran\u00e7oise", 
            "area": "Picardie", 
            "lastname": "Mansard", 
            "company": "-", 
            "birthdate": "1961-11-08", 
            "sex": "F", 
            "job": "Dentiste", 
            "start_date": "2014-10-16", 
            "children": 0
        }
    }, 
    {
        "pk": 29, 
        "model": "customer.Client", 
        "fields": {
            "status": "Actif", 
            "profile": "D\u00e9fensif", 
            "firstname": "Val\u00e9rie", 
            "area": "Bourgogne", 
            "lastname": "Brachet", 
            "company": "Domido", 
            "birthdate": "1980-09-21", 
            "sex": "F", 
            "job": "Architecte", 
            "start_date": "2015-06-12", 
            "children": 1
        }
    }, 
    {
        "pk": 30, 
        "model": "customer.Client", 
        "fields": {
            "status": "Actif", 
            "profile": "Equilibre", 
            "firstname": "Thomas", 
            "area": "Nord-Pas-de-Calais", 
            "lastname": "Creusot", 
            "company": "ManuFrance", 
            "birthdate": "1984-05-23", 
            "sex": "H", 
            "job": "Responsable atelier", 
            "start_date": "2014-05-27", 
            "children": 2
        }
    }, 
    {
        "pk": 31, 
        "model": "customer.Client", 
        "fields": {
            "status": "Inactif", 
            "profile": "D\u00e9fensif", 
            "firstname": "V\u00e9ronique", 
            "area": "Nord-Pas-de-Calais", 
            "lastname": "Gaspard", 
            "company": "KGB", 
            "birthdate": "1963-06-19", 
            "sex": "F", 
            "job": "Agent secret", 
            "start_date": "2013-09-13", 
            "children": 0
        }
    }, 
    {
        "pk": 32, 
        "model": "customer.Client", 
        "fields": {
            "status": "Actif", 
            "profile": "Dynamique", 
            "firstname": "Florent", 
            "area": "Rh\u00f4ne-Alpes", 
            "lastname": "Ruelley", 
            "company": "Timey", 
            "birthdate": "1970-12-19", 
            "sex": "H", 
            "job": "Horloger", 
            "start_date": "2014-10-13", 
            "children": 2
        }
    }, 
    {
        "pk": 33, 
        "model": "customer.Client", 
        "fields": {
            "status": "Actif", 
            "profile": "Equilibre", 
            "firstname": "Anne", 
            "area": "\u00cele-de-France", 
            "lastname": "Vallee", 
            "company": "-", 
            "birthdate": "1980-06-16", 
            "sex": "F", 
            "job": "Huissier", 
            "start_date": "2013-05-13", 
            "children": 1
        }
    }, 
    {
        "pk": 34, 
        "model": "customer.Client", 
        "fields": {
            "status": "Inactif", 
            "profile": "D\u00e9fensif", 
            "firstname": "Nicolas", 
            "area": "Languedoc-Roussillon", 
            "lastname": "Benton", 
            "company": "-", 
            "birthdate": "1959-11-08", 
            "sex": "H", 
            "job": "Conseiller fun\u00e9raire", 
            "start_date": "2014-04-11", 
            "children": 1
        }
    }, 
    {
        "pk": 35, 
        "model": "customer.Client", 
        "fields": {
            "status": "Retrait\u00e9", 
            "profile": "Equilibre", 
            "firstname": "Dominique", 
            "area": "Provence-Alpes-C\u00f4te d'Azur", 
            "lastname": "Dean", 
            "company": "-", 
            "birthdate": "1955-01-23", 
            "sex": "H", 
            "job": "Arch\u00e9ologue", 
            "start_date": "2012-08-17", 
            "children": 3
        }
    }, 
    {
        "pk": 36, 
        "model": "customer.Client", 
        "fields": {
            "status": "Actif", 
            "profile": "D\u00e9fensif", 
            "firstname": "Sophie", 
            "area": "Auvergne", 
            "lastname": "Heflin", 
            "company": "Nikos is back", 
            "birthdate": "1971-06-07", 
            "sex": "F", 
            "job": "Conseiller", 
            "start_date": "2011-06-10", 
            "children": 3
        }
    }, 
    {
        "pk": 37, 
        "model": "customer.Client", 
        "fields": {
            "status": "Actif", 
            "profile": "D\u00e9fensif", 
            "firstname": "H\u00e9l\u00e8ne", 
            "area": "Champagne-Ardenne", 
            "lastname": "Laguerre", 
            "company": "Soci\u00e9t\u00e9 G\u00e9n\u00e9rale", 
            "birthdate": "1976-08-01", 
            "sex": "F", 
            "job": "Responsable d'agence", 
            "start_date": "2015-02-04", 
            "children": 1
        }
    }, 
    {
        "pk": 38, 
        "model": "customer.Client", 
        "fields": {
            "status": "Actif", 
            "profile": "D\u00e9fensif", 
            "firstname": "Fran\u00e7ois", 
            "area": "Rh\u00f4ne-Alpes", 
            "lastname": "Audry", 
            "company": "Le canneton enchain\u00e9", 
            "birthdate": "1981-09-17", 
            "sex": "H", 
            "job": "Pigiste", 
            "start_date": "2011-09-07", 
            "children": 0
        }
    }, 
    {
        "pk": 39, 
        "model": "customer.Client", 
        "fields": {
            "status": "Actif", 
            "profile": "D\u00e9fensif", 
            "firstname": "Cyril", 
            "area": "Champagne-Ardenne", 
            "lastname": "Bickel", 
            "company": "-", 
            "birthdate": "1967-01-03", 
            "sex": "H", 
            "job": "Sommelier", 
            "start_date": "2014-11-14", 
            "children": 1
        }
    }, 
    {
        "pk": 40, 
        "model": "customer.Client", 
        "fields": {
            "status": "Retrait\u00e9", 
            "profile": "Dynamique", 
            "firstname": "Jonathan", 
            "area": "Provence-Alpes-C\u00f4te d'Azur", 
            "lastname": "Caron", 
            "company": "Dynamite cors\u00e9e", 
            "birthdate": "1951-12-11", 
            "sex": "H", 
            "job": "Armurier", 
            "start_date": "2012-08-24", 
            "children": 1
        }
    }, 
    {
        "pk": 41, 
        "model": "customer.Client", 
        "fields": {
            "status": "Actif", 
            "profile": "Equilibre", 
            "firstname": "Christophe", 
            "area": "Languedoc-Roussillon", 
            "lastname": "Langer", 
            "company": "Terre du milieu", 
            "birthdate": "1969-02-24", 
            "sex": "H", 
            "job": "Pilote", 
            "start_date": "2014-02-06", 
            "children": 1
        }
    }, 
    {
        "pk": 42, 
        "model": "customer.Client", 
        "fields": {
            "status": "Inactif", 
            "profile": "Equilibre", 
            "firstname": "Sophie", 
            "area": "Haute-Normandie", 
            "lastname": "Lorrain", 
            "company": "Free", 
            "birthdate": "1973-06-23", 
            "sex": "F", 
            "job": "Responsable de communication", 
            "start_date": "2012-03-22", 
            "children": 0
        }
    }, 
    {
        "pk": 43, 
        "model": "customer.Client", 
        "fields": {
            "status": "Actif", 
            "profile": "D\u00e9fensif", 
            "firstname": "Anthony", 
            "area": "Aquitaine", 
            "lastname": "Mellane", 
            "company": "", 
            "birthdate": "1984-03-27", 
            "sex": "H", 
            "job": "", 
            "start_date": "2011-09-13", 
            "children": 1
        }
    }
]