[
    {
        "pk": 1,
        "fields": {
            "product_type": "Fonds",
            "asset_class": "Action",
            "pea": "Yes",
            "currency": "EUR",
            "zone": "Europe",
            "description": "L\u0150objectif de la gestion de la SICAV est de rechercher une performance sans r\u008ef\u008erence \u0088 un indice, dans une optique moyen/long terme au travers de la s\u008election de titres (stock picking), en s\u0150exposant sur les march\u008es d\u0150actions europ\u008eens.",
            "asv": "Yes",
            "cto": "Yes",
            "management": "Comgest",
            "focus": "-",
            "isin": "FR0000295230",
            "name": "RENAISSANCE EUROPE"
        },
        "model": "product.Product"
    },
    {
        "pk": 2,
        "fields": {
            "product_type": "Fonds",
            "asset_class": "Action",
            "pea": "Yes",
            "currency": "EUR",
            "zone": "Europe",
            "description": "ECHIQUIER AGRESSOR est un fonds dynamique recherchant la performance \u0088 long terme \u0088 travers l\u0150exposition sur les march\u008es des actions europ\u008eennes.",
            "asv": "Yes",
            "cto": "Yes",
            "management": "Financi\u008fre de l'\u0083chiquier",
            "focus": "-",
            "isin": "FR0010321802",
            "name": "ECHIQUIER AGRESSOR"
        },
        "model": "product.Product"
    },
    {
        "pk": 3,
        "fields": {
            "product_type": "Fonds",
            "asset_class": "Action",
            "pea": "No",
            "currency": "EUR",
            "zone": "Monde",
            "description": "Pictet Funds - Water investit dans le monde entier en actions cot\u008ees de soci\u008et\u008es actives dans le secteur de l\u0164eau et de l\u0164air.",
            "asv": "Yes",
            "cto": "Yes",
            "management": "Pictet",
            "focus": "Secteur eau",
            "isin": "LU0104884860",
            "name": "PICTET WATER"
        },
        "model": "product.Product"
    },
    {
        "pk": 4,
        "fields": {
            "product_type": "Fonds",
            "asset_class": "Action",
            "pea": "No",
            "currency": "EUR",
            "zone": "USA",
            "description": "Le sous-fonds vise \u0088 g\u008en\u008erer une plusvalue \u0088 long terme, en effectuant des placements en actions d\u0150entreprises ayant leur si\u008fge social aux \u0083tats-Unis ou exer\u008dant une partie pr\u008epond\u008erante de leur activit\u008e \u008economique dans ce pays. Le sous-fonds est ax\u008e sur lesinvestissements dans des soci\u008et\u008es sous-\u008evalu\u008ees et allie de bonnes perspectives avec un accent sur le changement. Ces soci\u008et\u008es peuvent \u0090tre des soci\u008et\u008es \u0088 grande capitalisation boursi\u008fre ou \u0088 capitalisation boursi\u008fre moyenne et petite, et elles repr\u008esenteront toujours deux tiers au minimum des actifs du sous-fonds.",
            "asv": "Yes",
            "cto": "Yes",
            "management": "Robeco",
            "focus": "-",
            "isin": "LU0320896664",
            "name": "ROBECO US PREMIUM EQUITY"
        },
        "model": "product.Product"
    },
    {
        "pk": 5,
        "fields": {
            "product_type": "Fonds",
            "asset_class": "Action",
            "pea": "No",
            "currency": "EUR",
            "zone": "Monde",
            "description": "L\u0150objectif d\u0150investissement du Global Technology Fund est la recherche d\u0150une plus-value en capital sur le long terme par un investissement dans un portefeuille globalement diversifi\u008e de soci\u008et\u008es li\u008ees \u0088 la technologie. Le Compartiment envisage de profiter au mieux des tendances internationales des march\u008es. Ce Compartiment est libell\u008e en USD.",
            "asv": "Yes",
            "cto": "Yes",
            "management": "Henderson Management",
            "focus": "Technologie",
            "isin": "LU0572952280",
            "name": "HENDERSON HF GLOBAL TECHNOLOGY"
        },
        "model": "product.Product"
    },
    {
        "pk": 6,
        "fields": {
            "product_type": "Fonds",
            "asset_class": "Action",
            "pea": "No",
            "currency": "USD",
            "zone": "Asie",
            "description": "Ce Compartiment est ax\u008e sur la croissance \u0088 long terme du capital \u0088 partir d\u0150un portefeuille diversifi\u008e de placements en valeurs mobili\u008fres asiatiques d\u0150\u008emetteurs exer\u008dant principalement des activit\u008es relatives aux infrastructures. Au moins 70 % du total des actifs du Compartiment (hors actifs liquides auxiliaires) seront investis en actions et titres d\u0150emprunt libell\u008es dans une monnaie convertible quelconque et \u008emis par des soci\u008et\u008es asiatiques intervenant principalement dans le secteur des infrastructures.",
            "asv": "No",
            "cto": "Yes",
            "management": "Invesco Management",
            "focus": "Infrastructure",
            "isin": "LU0243955530",
            "name": "INVESCO ASIA INFRASTRUCTURE USD"
        },
        "model": "product.Product"
    },
    {
        "pk": 7,
        "fields": {
            "product_type": "Fonds",
            "asset_class": "Mon\u008etaire",
            "pea": "No",
            "currency": "EUR",
            "zone": "Europe",
            "description": "La Sicav a pour objectif de sur-performer son indicateur de r\u008ef\u008erence, l\u0150EONIA, par un placement principalement en titres priv\u008es des march\u008es mon\u008etaires et obligataires, apr\u008fs prise en compte des frais courants.",
            "asv": "Yes",
            "cto": "Yes",
            "management": "Soci\u008et\u008e G\u008en\u008erale Gestion",
            "focus": "-",
            "isin": "FR0000003964",
            "name": "SOCIETE GL.MONETAIRE PLUS GESTION"
        },
        "model": "product.Product"
    },
    {
        "pk": 8,
        "fields": {
            "product_type": "Fonds",
            "asset_class": "Obligation",
            "pea": "No",
            "currency": "EUR",
            "zone": "Monde",
            "description": "Le fonds cherche a obtenir un rendement total par le biais d\u0150une exposition sur les flux de revenus optimaux des march\u008es d\u0150investissement. Ceci est fait \u0088 travers une allocation d\u0150actifs strat\u008egique et une s\u008election de titres. Le fonds sera investi au minimum \u0088 50% sur des instruments de dettes, mais peu aussi investir sur d\u0150autres instruments tels que : des fonds, du cash, des actions et des d\u008eriv\u008es. Les d\u008eriv\u008es peuvent \u0090tre utilis\u008es aussi bien en tant qu\u0150investissement que pour rendre le portefeuille plus efficient.",
            "asv": "Yes",
            "cto": "Yes",
            "management": "M&G Group",
            "focus": "-",
            "isin": "GB00B1VMCY93",
            "name": "M &.G OPTIMAL INCOME A H ACC EUR"
        },
        "model": "product.Product"
    },
    {
        "pk": 9,
        "fields": {
            "product_type": "Fonds",
            "asset_class": "Obligation",
            "pea": "No",
            "currency": "EUR",
            "zone": "Europe",
            "description": "European High Yield Fund est investi dans une s\u008election d\u0164obligations principalement libell\u008ees en euro qui offrent des taux d\u0164int\u008er\u0090t \u008elev\u008es. Les analystes du fonds s\u008electionnent des obligations de petites et moyennes entreprises qui souhaitent financer la croissance de leurs activit\u008es en offrant des taux d\u0164int\u008er\u0090t sup\u008erieurs \u0088 ceux des obligations d\u0164Etat ou de grandes entreprises.",
            "asv": "Yes",
            "cto": "Yes",
            "management": "Fidelity",
            "focus": "High Yield",
            "isin": "LU0251130802",
            "name": "FIDELITY FUNDS HIGH YLD. A AC.EUR GL CERT"
        },
        "model": "product.Product"
    },
    {
        "pk": 10,
        "fields": {
            "product_type": "Fonds",
            "asset_class": "Obligation",
            "pea": "No",
            "currency": "EUR",
            "zone": "Europe",
            "description": "Ce Compartiment a pour objectif la croissance du capital \u0088 moyen terme par la gestion d\u0150un portefeuille d\u0150obligations \u0088 revenu fixe convertibles en actions d\u0150entreprises domicili\u008ees en Europe ou exer\u008dant une part pr\u008epond\u008erante de leur activit\u008e \u008economique dans cette r\u008egion.",
            "asv": "Yes",
            "cto": "Yes",
            "management": "Edmond de Rothschild Asset Management",
            "focus": "Convertibles",
            "isin": "FR0010204552",
            "name": "Edmond de Rotschild Europe Convertibles"
        },
        "model": "product.Product"
    },
    {
        "pk": 11,
        "fields": {
            "product_type": "Fonds",
            "asset_class": "Obligation",
            "pea": "No",
            "currency": "USD",
            "zone": "\u0083mergents",
            "description": "Le fonds offre aux investisseurs pourvus d\u0150une grande tol\u008erance aux risques des placements compl\u008ementaires dans le cadre d\u0150un portefeuille diversifi\u008e sur le plan international. L\u0150effet de diversification suppl\u008ementaire r\u008esulte en particulier de la faible Obligations de d\u008ebiteurs de pays \u008emergents, libell\u008ees en devises locales ou rattach\u008ees \u0088 celles-ci. Large diversification mon\u008etaire.",
            "asv": "No",
            "cto": "Yes",
            "management": "Julius Baer",
            "focus": 0,
            "isin": "LU0107852195",
            "name": "JULIUS BAER MULTIBOND LOCAL EMERGING BOND"
        },
        "model": "product.Product"
    },
    {
        "pk": 12,
        "fields": {
            "product_type": "Support s\u008ecurit\u008e",
            "asset_class": "Obligation",
            "pea": "No",
            "currency": "EUR",
            "zone": "Europe",
            "description": "Support eu euros garanti et revaloris\u008e au quotidien \u0088 0,25%.",
            "asv": "Yes",
            "cto": "No",
            "management": "Sogecap",
            "focus": 0,
            "isin": "FondsEuro123",
            "name": "Fonds euro s\u008ecurit\u008e"
        },
        "model": "product.Product"
    },
    {
        "pk": 13,
        "fields": {
            "product_type": "Action",
            "asset_class": "Action",
            "pea": "Yes",
            "currency": "EUR",
            "zone": "France",
            "description": "Action fran\u008daise du secteur Energie",
            "asv": "No",
            "cto": "Yes",
            "management": "-",
            "focus": 0,
            "isin": "FR0000120271",
            "name": "TOTAL"
        },
        "model": "product.Product"
    },
    {
        "pk": 14,
        "fields": {
            "product_type": "Action",
            "asset_class": "Action",
            "pea": "Yes",
            "currency": "EUR",
            "zone": "France",
            "description": "Action fran\u008daise, \u008equipementier de renomm\u008ee mondiale",
            "asv": "No",
            "cto": "Yes",
            "management": "-",
            "focus": 0,
            "isin": "FR0000121261",
            "name": "MICHELIN"
        },
        "model": "product.Product"
    },
    {
        "pk": 15,
        "fields": {
            "product_type": "Action",
            "asset_class": "Action",
            "pea": "Yes",
            "currency": "EUR",
            "zone": "France",
            "description": "Action fran\u008daise Telecom",
            "asv": "No",
            "cto": "Yes",
            "management": "-",
            "focus": 0,
            "isin": "FR0000133308",
            "name": "ORANGE"
        },
        "model": "product.Product"
    },
    {
        "pk": 16,
        "fields": {
            "product_type": "Action",
            "asset_class": "Action",
            "pea": "Yes",
            "currency": "EUR",
            "zone": "Allemagne",
            "description": "Action allemande, constructeur automobile",
            "asv": "No",
            "cto": "Yes",
            "management": "-",
            "focus": 0,
            "isin": "DE0007664005",
            "name": "VOLKSWAGEN"
        },
        "model": "product.Product"
    },
    {
        "pk": 17,
        "fields": {
            "product_type": "Action",
            "asset_class": "Action",
            "pea": "Yes",
            "currency": "EUR",
            "zone": "France",
            "description": "Action fran\u008daise cherchant \u0088 r\u008evolutionner le mod\u008fle footballistique local",
            "asv": "No",
            "cto": "Yes",
            "management": "-",
            "focus": 0,
            "isin": "FR0010428771",
            "name": "OL GROUPE"
        },
        "model": "product.Product"
    },
    {
        "pk": 18,
        "fields": {
            "product_type": "Action",
            "asset_class": "Action",
            "pea": "No",
            "currency": "USD",
            "zone": "France",
            "description": "Action fran\u008daise cot\u008ee aux USA, startup \u0088 succ\u008fs",
            "asv": "No",
            "cto": "Yes",
            "management": "-",
            "focus": 0,
            "isin": "US2267181046",
            "name": "CRITEO ADR 1:1"
        },
        "model": "product.Product"
    },
    {
        "pk": 19,
        "fields": {
            "product_type": "Action",
            "asset_class": "Action",
            "pea": "No",
            "currency": "USD",
            "zone": "USA",
            "description": "Action am\u008ericaine aux technologies de pointe et au marketing d\u008evastateur",
            "asv": "No",
            "cto": "Yes",
            "management": "-",
            "focus": 0,
            "isin": "US0378331005",
            "name": "APPLE"
        },
        "model": "product.Product"
    },
    {
        "pk": 20,
        "fields": {
            "product_type": "Tracker",
            "asset_class": "Action",
            "pea": "No",
            "currency": "EUR",
            "zone": "Monde",
            "description": "Tracker retranscrivant l'\u008evolution de l'indice actions international MSCI Monde",
            "asv": "Yes",
            "cto": "Yes",
            "management": "Lyxor",
            "focus": 0,
            "isin": "FR0010315770",
            "name": "LYXOR ETF MSCI World"
        },
        "model": "product.Product"
    },
    {
        "pk": 21,
        "fields": {
            "product_type": "Tracker",
            "asset_class": "Obligation",
            "pea": "No",
            "currency": "EUR",
            "zone": "Europe",
            "description": "Tracker retranscrivant l'\u008evolution de l'indice obligataire de la zone euro EuroMTS All Mats IG",
            "asv": "Yes",
            "cto": "Yes",
            "management": "Lyxor",
            "focus": 0,
            "isin": "FR0010028860",
            "name": "LYXOR ETF EUROMTS All Maturity IG"
        },
        "model": "product.Product"
    },
    {
        "pk": 22,
        "fields": {
            "product_type": "Change",
            "asset_class": "Change",
            "pea": "No",
            "currency": "-",
            "zone": "-",
            "description": "Valeur d'un dollar en euro. D\u008ecrit la quantit\u008e d'euros obtenus en changeant 1 dollar am\u008ericain.",
            "asv": "No",
            "cto": "No",
            "management": "-",
            "focus": "-",
            "isin": "ChangeEURUSD",
            "name": "Taux de change Eur/Usd"
        },
        "model": "product.Product"
    }
]